{
  "pricing": {
    "grok": {
      "models": {
        "grok-3-mini": {
          "input": 0.1,
          "output": 0.2
        },
        "grok-2-latest": {
          "input": 5.0,
          "output": 10.0
        }
      }
    },
    "openai": {
      "models": {
        "gpt-5-mini": {
          "input": 0.3,
          "output": 1.25
        },
        "gpt-4o": {
          "input": 2.5,
          "output": 10.0
        },
        "gpt-4o-mini": {
          "input": 0.15,
          "output": 0.6
        }
      }
    },
    "anthropic": {
      "models": {
        "claude-sonnet-4-20250514": {
          "input": 3.0,
          "output": 15.0
        },
        "claude-opus-4-1-20250805": {
          "input": 15.0,
          "output": 75.0
        },
        "claude-3-5-sonnet-20240620": {
          "input": 3.0,
          "output": 15.0
        }
      }
    },
    "google": {
      "models": {
        "gemini-2.5-flash": {
          "input": 0.075,
          "output": 0.3
        },
        "gemini-1.5-pro": {
          "input": 1.25,
          "output": 5.0
        },
        "gemini-1.5-flash": {
          "input": 0.075,
          "output": 0.3
        }
      }
    }
  },
  "default_models": {
    "grok": "grok-3-mini",
    "openai": "gpt-5-mini",
    "anthropic": "claude-sonnet-4-20250514",
    "google": "gemini-2.5-flash"
  },
  "token_estimates": {
    "avg_input_tokens": 150,
    "avg_output_tokens": 50
  },
  "cost_per_post": {
    "grok": {
      "model": "grok-3-mini",
      "cost_usd": 2.4999999999999998e-05
    },
    "openai": {
      "model": "gpt-5-mini",
      "cost_usd": 0.0001075
    },
    "anthropic": {
      "model": "claude-sonnet-4-20250514",
      "cost_usd": 0.0012000000000000001
    },
    "google": {
      "model": "gemini-2.5-flash",
      "cost_usd": 2.625e-05
    }
  },
  "thread_costs": {
    "100_posts": {
      "Grok": 0.00037499999999999995,
      "GPT\u541b": 0.00215,
      "Claude\u5148\u8f29": 0.024,
      "Gemini": 0.0005250000000000001,
      "\u540d\u7121\u3057\u3055\u3093": 0.011114583333333336,
      "TOTAL": 0.038164583333333335
    },
    "500_posts": {
      "Grok": 0.001875,
      "GPT\u541b": 0.01075,
      "Claude\u5148\u8f29": 0.12000000000000001,
      "Gemini": 0.002625,
      "\u540d\u7121\u3057\u3055\u3093": 0.055572916666666666,
      "TOTAL": 0.19082291666666668
    },
    "1000_posts": {
      "Grok": 0.00375,
      "GPT\u541b": 0.0215,
      "Claude\u5148\u8f29": 0.24000000000000002,
      "Gemini": 0.00525,
      "\u540d\u7121\u3057\u3055\u3093": 0.11114583333333333,
      "TOTAL": 0.38164583333333335
    }
  }
}