{
  "grok": [
    3.999932289123535,
    4.206341743469238,
    5.049659013748169,
    3.5149290561676025,
    3.729308843612671
  ],
  "openai": [
    2.1335859298706055,
    1.655608892440796,
    2.49737286567688,
    1.4666481018066406,
    2.0972800254821777
  ],
  "anthropic": [
    3.0989840030670166,
    4.325134754180908,
    2.245694160461426,
    2.669497013092041,
    3.1919548511505127
  ],
  "google": [
    1.5502328872680664,
    1.6400220394134521,
    1.5799648761749268,
    1.8312230110168457,
    1.4045891761779785
  ]
}